Number,Gender,NameSet,Title,GivenName,MiddleInitial,Surname,StreetAddress,City,State,StateFull,ZipCode,Country,CountryFull,EmailAddress,Username,Password,BrowserUserAgent,TelephoneNumber,TelephoneCountryCode,MothersMaiden,Birthday,Age,TropicalZodiac,CCType,CCNumber,CVV2,CCExpires,NationalID,UPS,WesternUnionMTCN,MoneyGramMTCN,Color,Occupation,Company,Vehicle,Domain,BloodType,Pounds,Kilograms,FeetInches,Centimeters,GUID,Latitude,Longitude
9991,female,American,Ms.,Ellen,J,Peterson,"1373 Elk Street","Newport Beach",CA,California,92660,US,"United States",EllenJPeterson@einrot.com,Himmors,Gee8quai,"Mozilla/5.0 (Windows NT 6.1; Win64; x64) AppleWebKit/537.36 (KHTML, like Gecko) Chrome/73.0.3683.103 Safari/537.36",949-718-3986,1,Baxter,5/3/1968,52,Taurus,MasterCard,5327632924835684,192,7/2024,604-21-3501,"1Z 3V6 512 76 2567 537 1",7350536644,91210405,Purple,"Allopathic physician",SoundTrack,"2005 Chrysler 300",oruchamber.com,O+,180.0,81.8,"5' 6""",168,3a64d464-26e3-47b0-9189-b93945805a33,33.701171,-117.927863
9992,female,American,Ms.,Lillian,T,Wyant,"4121 Sunrise Road","Las Vegas",NV,Nevada,89109,US,"United States",LillianTWyant@superrito.com,Nothiz50,koCeengo0,"Mozilla/5.0 (Macintosh; Intel Mac OS X 10.13; rv:66.0) Gecko/20100101 Firefox/66.0",702-799-5779,1,Richardson,4/8/1950,70,Aries,Visa,4539334379716470,853,1/2025,680-24-1219,"1Z 652 975 80 3683 919 0",1184712064,52773217,Yellow,"Optical goods worker",Mikrotechnic,"1998 Honda Passport",newgrapei.com,O+,130.5,59.3,"5' 1""",155,c0dc6eaa-b753-433b-a8f5-4a61b8e133c4,36.085493,-115.197026
9993,female,American,Ms.,Chrystal,J,Lacey,"1731 Philli Lane",Tulsa,OK,Oklahoma,74103,US,"United States",ChrystalJLacey@gustr.com,Tiont1970,reic3Ooph,"Mozilla/5.0 (Windows NT 6.2; WOW64) AppleWebKit/537.36 (KHTML, like Gecko) Chrome/68.0.3440.106 Safari/537.36",918-515-6168,1,Willis,3/24/1970,50,Aries,MasterCard,5281655601921174,481,4/2025,446-86-2693,"1Z 824 188 39 9982 119 6",7945521668,17066832,Blue,"Cutting machine operator","Griff's Hamburgers","2015 Audi R8",andymikegolf.com,A+,149.2,67.8,"5' 5""",164,839e71a0-681f-451a-8d57-159813e88d5f,36.146137,-96.046688
9994,male,American,Mr.,Thomas,W,Burnell,"1675 Walnut Drive",Webster,ND,"North Dakota",58382,US,"United States",ThomasWBurnell@rhyta.com,Havager,Choo6uSieph,"Mozilla/5.0 (Windows NT 10.0; Win64; x64) AppleWebKit/537.36 (KHTML, like Gecko) Chrome/74.0.3729.131 Safari/537.36",701-395-8919,1,Dunn,8/12/1976,43,Leo,Visa,4485903698109973,243,12/2021,502-25-7548,"1Z A66 761 94 2669 487 9",8499940574,41485853,Blue,"Shipping-and-receiving supervisor","Oklahoma Tire & Supply Company","2009 Cadillac XLR",ijustgotta.com,B+,199.1,90.5,"6' 2""",188,02a5dbcd-eb36-4aca-b688-b62f74213949,48.231611,-98.799945
9995,male,American,Mr.,David,L,Purdy,"4150 Oak Lane",Albany,MO,Missouri,64402,US,"United States",DavidLPurdy@cuvox.de,Comman,ubizee2Ouzae,"Mozilla/5.0 (Windows NT 10.0; Win64; x64) AppleWebKit/537.36 (KHTML, like Gecko) Chrome/74.0.3729.131 Safari/537.36",660-726-9511,1,Rath,3/7/1954,66,Pisces,MasterCard,5547237443978652,765,9/2022,498-21-4007,"1Z 0W9 307 66 3929 260 2",7537333991,91033433,Blue,"Funeral director","Gold Medal","2009 BMW 323",loukerns.com,AB+,157.1,71.4,"6' 0""",182,358a8026-720c-4169-8dd5-e923b364a9eb,40.17052,-94.239737
9996,male,American,Mr.,Shawn,I,Swift,"2240 Spirit Drive","Daytona Beach",FL,Florida,32114,US,"United States",ShawnISwift@fleckens.hu,Anowbod,auRiesu9,"Mozilla/5.0 (Macintosh; Intel Mac OS X 10_14_4) AppleWebKit/537.36 (KHTML, like Gecko) Chrome/73.0.3683.103 Safari/537.36",386-593-9148,1,Ogden,2/25/1953,67,Pisces,MasterCard,5563756121833029,208,12/2021,772-12-1698,"1Z 460 647 66 3611 046 8",8158560207,29123733,Blue,"ATF agent",Schweggmanns,"2002 Citroen C5",zonasemu.com,O+,202.0,91.8,"5' 7""",169,d3bf2026-a73c-4346-bf90-0ff57e22c775,29.248644,-81.005982
9997,male,American,Mr.,Roger,J,Garcia,"2827 Emily Renzelli Boulevard",Salinas,CA,California,93901,US,"United States",RogerJGarcia@superrito.com,Pormed92,iy8Eephoogh,"Mozilla/5.0 (X11; Ubuntu; Linux x86_64; rv:66.0) Gecko/20100101 Firefox/66.0",831-512-1540,1,Boucher,7/25/1992,28,Leo,MasterCard,5318422893383382,671,12/2025,546-80-8328,"1Z A50 281 61 2110 951 9",5280588789,82682012,Orange,"Court, municipal, and license clerk","Avant Garde Appraisal Group","2003 Vauxhall Vectra",compgi.com,A+,181.9,82.7,"6' 2""",189,ec264104-d80d-4021-aaa4-eae86570477a,36.55273,-121.580556
9998,female,American,Mrs.,Jeanette,B,Smith,"2515 Parkway Street",Yermo,CA,California,92398,US,"United States",JeanetteBSmith@superrito.com,Coust1979,aeShuel2vai,"Mozilla/5.0 (Windows NT 10.0; WOW64; rv:45.0) Gecko/20100101 Firefox/45.0",760-254-8960,1,Matthews,2/4/1979,41,Aquarius,MasterCard,5235287787550572,462,9/2025,618-66-0197,"1Z 274 531 58 4831 342 8",5789421650,97766083,Blue,"Set and exhibit designer","Office Warehouse","2009 Volvo S40",prodforum.com,A+,207.2,94.2,"5' 4""",162,6568c660-c035-4884-8fa2-89aaba41defd,34.90068,-116.856419
9999,male,American,Mr.,Richard,J,Davila,"2701 Neville Street",Bloomington,IN,Indiana,47408,US,"United States",RichardJDavila@armyspy.com,Ablued,ahhai7Quahf1,"Mozilla/5.0 (Macintosh; Intel Mac OS X 10_14_4) AppleWebKit/537.36 (KHTML, like Gecko) Chrome/73.0.3683.103 Safari/537.36",812-552-1601,1,Brown,1/13/1994,26,Capricorn,MasterCard,5121743004432454,583,11/2025,311-60-3030,"1Z A91 297 88 5081 697 5",0533037114,43775493,Blue,"Computer hardware engineer","Garden Guru","1992 Mini MK VI",cppzilla.com,O+,136.8,62.2,"6' 1""",185,171aae78-cd1c-40b4-980f-31c075959a70,39.187348,-86.393623
10000,female,American,Ms.,Teresa,A,Maurin,"4403 Cedar Street",Texarkana,AR,Arkansas,75501,US,"United States",TeresaAMaurin@jourrapide.com,Thaturesce,yohthe6Ph,"Mozilla/5.0 (Windows NT 10.0; Win64; x64) AppleWebKit/537.36 (KHTML, like Gecko) Chrome/71.0.3578.98 Safari/537.36 OPR/58.0.3135.132",870-774-9538,1,Whitney,5/30/1980,40,Gemini,MasterCard,5568964105732564,640,10/2023,677-07-9673,"1Z 9F8 145 77 1066 541 8",2276361252,99862684,Purple,"Precious stone and metal worker","S&W Cafeteria","2011 Volkswagen Beetle",beddoubler.com,B+,218.7,99.4,"5' 5""",164,14619d85-769c-4d6a-af74-96368a1a3c4a,33.429347,-94.090923
